<?xml version="1.0" encoding="UTF-8" standalone="yes"?>
<Content>
    <Views>
        <ViewDef id="c8f70c17-e46f-4ac1-a321-d7d91322d224">
            <Title>Datastore Disk Capacity 90</Title>
            <Description>Used in dashboard: Datastore Capacity. This view shows how a datastore capacity is used over time. If you have more data, you can change the timeline to reflect a longer time period.</Description>
            <SubjectType adapterKind="VMWARE" resourceKind="Datastore" type="descendant"/>
            <SubjectType adapterKind="VMWARE" resourceKind="Datastore" type="self"/>
            <Usage>dashboard</Usage>
            <Usage>report</Usage>
            <Usage>details</Usage>
            <Usage>content</Usage>
            <Controls>
                <Control id="time-interval-selector_id_687" type="time-interval-selector" visible="false">
                    <Property name="advancedTimeMode" value="false"/>
                    <Property name="unit" value="DAYS"/>
                    <Property name="count" value="90"/>
                </Control>
                <Control id="attributes-selector_id_688" type="attributes-selector" visible="false">
                    <Property name="attributeInfos">
                        <List>
                            <Item>
<Value>
    <Property name="objectType" value="RESOURCE"/>
    <Property name="attributeKey" value="capacity|total_capacity"/>
    <Property name="preferredUnitId" value="tb"/>
    <Property name="isStringAttribute" value="false"/>
    <Property name="adapterKind" value="VMWARE"/>
    <Property name="resourceKind" value="Datastore"/>
    <Property name="rollUpType" value="NONE"/>
    <Property name="rollUpCount" value="0"/>
    <Property name="forecastDays" value="15"/>
    <Property name="transformations">
        <List>
            <Item value="NONE"/>
            <Item value="FORECAST"/>
        </List>
    </Property>
    <Property name="isProperty" value="false"/>
    <Property name="displayName" value="Total Capacity (GB)"/>
</Value>
                            </Item>
                            <Item>
<Value>
    <Property name="objectType" value="RESOURCE"/>
    <Property name="attributeKey" value="diskspace|snapshot"/>
    <Property name="preferredUnitId" value="tb"/>
    <Property name="isStringAttribute" value="false"/>
    <Property name="adapterKind" value="VMWARE"/>
    <Property name="resourceKind" value="Datastore"/>
    <Property name="rollUpType" value="NONE"/>
    <Property name="rollUpCount" value="0"/>
    <Property name="forecastDays" value="15"/>
    <Property name="transformations">
        <List>
            <Item value="NONE"/>
            <Item value="FORECAST"/>
        </List>
    </Property>
    <Property name="isProperty" value="false"/>
    <Property name="displayName" value="Snapshot Space (TB)"/>
</Value>
                            </Item>
                            <Item>
<Value>
    <Property name="objectType" value="RESOURCE"/>
    <Property name="attributeKey" value="capacity|used_space"/>
    <Property name="preferredUnitId" value="tb"/>
    <Property name="isStringAttribute" value="false"/>
    <Property name="adapterKind" value="VMWARE"/>
    <Property name="resourceKind" value="Datastore"/>
    <Property name="rollUpType" value="NONE"/>
    <Property name="rollUpCount" value="0"/>
    <Property name="forecastDays" value="15"/>
    <Property name="transformations">
        <List>
            <Item value="NONE"/>
            <Item value="FORECAST"/>
        </List>
    </Property>
    <Property name="isProperty" value="false"/>
    <Property name="displayName" value="Used (TB)"/>
</Value>
                            </Item>
                        </List>
                    </Property>
                </Control>
                <Control id="pagination-control_id_689" type="pagination-control" visible="true">
                    <Property name="start" value="0"/>
                    <Property name="size" value="25"/>
                </Control>
            </Controls>
            <DataProviders>
                <DataProvider dataType="trend-view" id="trend-view_id_686"/>
            </DataProviders>
            <Presentation type="line-chart"/>
        </ViewDef>
    </Views>
</Content>
