{
   "dashboards": [{
      "autoswitchEnabled": false,
      "columnCount": 1,
      "columnProportion": "1-1",
      "creationTime": 1544800664276,
      "dashboardNavigations": {},
      "description": "",
      "disabled": false,
      "gridsterMaxColumns": 12,
      "hidden": false,
      "homeTab": false,
      "id": "2d81e733-ad91-4d82-8257-5df76e9cc65d",
      "importAttempts": 0,
      "importComplete": true,
      "isDefault": false,
      "locked": false,
      "name": "Datastore Capacity and Alerts",
      "rank": 134,
      "shared": false,
      "temporary": false,
      "userId": "0f0c5cd9-3d9e-46f9-9093-db72cc8d4d2d",
      "widgetInteractions": [
         {
            "type": "resourceId",
            "widgetIdProvider": "1355cd9b-5127-4678-a729-f54ce4af403c",
            "widgetIdReceiver": "290faaef-6b56-4740-8434-d3cdd422e79e"
         },
         {
            "type": "resourceId",
            "widgetIdProvider": "1355cd9b-5127-4678-a729-f54ce4af403c",
            "widgetIdReceiver": "b3f356a8-0604-4353-acb0-0e182061a75f"
         },
         {
            "type": "resourceId",
            "widgetIdProvider": "812a5fea-e70d-4c34-be5e-c0f5f691549d",
            "widgetIdReceiver": "290faaef-6b56-4740-8434-d3cdd422e79e"
         },
         {
            "type": "resourceId",
            "widgetIdProvider": "812a5fea-e70d-4c34-be5e-c0f5f691549d",
            "widgetIdReceiver": "b3f356a8-0604-4353-acb0-0e182061a75f"
         }
      ],
      "widgets": [
         {
            "collapsed": false,
            "config": {
               "alertAction": [],
               "alertImpact": [],
               "criticalityLevel": [],
               "mode": "tagFilter",
               "refreshContent": {"refreshContent": false},
               "refreshInterval": 300,
               "state": [],
               "status": [],
               "tagFilter": {
                  "path": ["/source/kind/kind:resourceKind:id:0_::_"],
                  "value": {
                     "adapterInstance": [],
                     "adapterKind": [],
                     "bus": [],
                     "collector": [],
                     "day": [],
                     "exclaim": false,
                     "healthRange": [],
                     "kind": ["resourceKind:id:0_::_"],
                     "maintenanceSchedule": [],
                     "state": [],
                     "status": [],
                     "tag": [],
                     "tier": []
                  }
               },
               "title": "Datastore Capacity Alert List",
               "type": ["18_20"]
            },
            "gridsterCoords": {
               "h": 5,
               "w": 6,
               "x": 7,
               "y": 1
            },
            "height": 267,
            "id": "1355cd9b-5127-4678-a729-f54ce4af403c",
            "states": [
               {
                  "key": "permDateFilter_widget_2d81e733-ad91-4d82-8257-5df76e9cc65d_1355cd9b-5127-4678-a729-f54ce4af403c",
                  "value": "s%3A%7B%22dateRange%22%3A%22last30Days%22%2C%22dateFrom%22%3Anull%2C%22dateTo%22%3Anull%2C%22timeFrom%22%3Anull%2C%22timeTo%22%3Anull%7D"
               },
               {
                  "key": "permViewMode_widget_2d81e733-ad91-4d82-8257-5df76e9cc65d_1355cd9b-5127-4678-a729-f54ce4af403c",
                  "value": "s%3Atime"
               },
               {
                  "key": "permAlertGrid_perm_widget_2d81e733-ad91-4d82-8257-5df76e9cc65d_1355cd9b-5127-4678-a729-f54ce4af403c",
                  "value": "o%3Acolumns%3Da%253Ao%25253Aid%25253Ds%2525253Ah1%25255Ehidden%25253Db%2525253A1%25255Ewidth%25253Dn%2525253A100%255Eo%25253Aid%25253Ds%2525253Ah2%255Eo%25253Aid%25253Ds%2525253Ah3%255Eo%25253Aid%25253Ds%2525253Ah4%255Eo%25253Aid%25253Ds%2525253Ah5%255Eo%25253Aid%25253Ds%2525253Ah6%255Eo%25253Aid%25253Ds%2525253Ah7%25255Ehidden%25253Db%2525253A1%255Eo%25253Aid%25253Ds%2525253Ah8%25255Ehidden%25253Db%2525253A1%255Eo%25253Aid%25253Ds%2525253Ah9%25255Ehidden%25253Db%2525253A1%255Eo%25253Aid%25253Ds%2525253Ah10%25255Ehidden%25253Db%2525253A1%255Eo%25253Aid%25253Ds%2525253Ah11%255Eo%25253Aid%25253Ds%2525253Ah12%255Eo%25253Aid%25253Ds%2525253Ah13%25255Ehidden%25253Db%2525253A1%255Eo%25253Aid%25253Ds%2525253Ah14%25255Ehidden%25253Db%2525253A1%5EstoreState%3Do%253Asorters%253Da%25253Ao%2525253Aroot%2525253Ds%252525253Adata%2525255Eproperty%2525253Ds%252525253AstartTimeUtc%2525255Edirection%2525253Ds%252525253ADESC"
               }
            ],
            "title": "Datastore Capacity Alert List",
            "type": "AlertList"
         },
         {
            "collapsed": false,
            "config": {
               "chartViewItems": [],
               "refreshContent": {"refreshContent": false},
               "refreshInterval": 300,
               "resource": {
                  "adapterKindId": "VMWARE",
                  "allowDrag": true,
                  "allowDrop": true,
                  "checked": null,
                  "children": null,
                  "cls": "",
                  "depth": 1,
                  "expandable": true,
                  "expanded": false,
                  "href": "",
                  "hrefTarget": "",
                  "icon": "",
                  "iconCls": "resknd_default_vmware_vsphereworld",
                  "iconSrc": "images/resknd/default/16x16/VMWARE_vSphere World.png",
                  "id": "e5ec4452-509d-4a9f-81c2-b61a93a93d01",
                  "index": 0,
                  "isFirst": true,
                  "isLast": true,
                  "leaf": false,
                  "loaded": false,
                  "loading": false,
                  "nodeType": "resource",
                  "parentId": "source",
                  "qshowDelay": 0,
                  "qtip": "",
                  "qtitle": "",
                  "resourceId": "resource:id:0_::_",
                  "resourceKindId": "002006VMWAREvSphere World",
                  "resourceKindKey": "vSphere World",
                  "resourceKindName": "vSphere World",
                  "resourceKindType": 8,
                  "resourceName": "vSphere World",
                  "root": false,
                  "rootResourceId": "e5ec4452-509d-4a9f-81c2-b61a93a93d01",
                  "text": "vSphere World",
                  "traversalSpecId": "vSphere Hosts and Clusters-VMWARE-vSphere World",
                  "uniqueId": "e5ec4452-509d-4a9f-81c2-b61a93a93d01_1544922249834",
                  "visible": true
               },
               "selectFirstRow": {"selectFirstRow": false},
               "selfProvider": {"selfProvider": true},
               "title": "Datastore Capacity Sorted Least Remaining",
               "traversalSpecId": null,
               "viewDefinitionId": "4ed3ea56-f2ac-46eb-82cd-9e93b1186893"
            },
            "gridsterCoords": {
               "h": 8,
               "w": 6,
               "x": 1,
               "y": 1
            },
            "height": 438,
            "id": "812a5fea-e70d-4c34-be5e-c0f5f691549d",
            "title": "Datastore Capacity Sorted Least Remaining",
            "type": "View"
         },
         {
            "collapsed": false,
            "config": {
               "chartViewItems": ["legend"],
               "refreshContent": {"refreshContent": false},
               "refreshInterval": 300,
               "resource": null,
               "selectFirstRow": {"selectFirstRow": false},
               "selfProvider": {"selfProvider": false},
               "title": "90 Day Datastore Usage Graph",
               "traversalSpecId": "",
               "viewDefinitionId": "c8f70c17-e46f-4ac1-a321-d7d91322d224"
            },
            "gridsterCoords": {
               "h": 9,
               "w": 12,
               "x": 1,
               "y": 9
            },
            "height": 493,
            "id": "290faaef-6b56-4740-8434-d3cdd422e79e",
            "title": "90 Day Datastore Usage Graph",
            "type": "View"
         },
         {
            "collapsed": false,
            "config": {
               "chartViewItems": [],
               "refreshContent": {"refreshContent": false},
               "refreshInterval": 300,
               "resource": null,
               "selectFirstRow": {"selectFirstRow": false},
               "selfProvider": {"selfProvider": false},
               "title": "Datastore Usage List over 90 Days",
               "traversalSpecId": "",
               "viewDefinitionId": "66803fdd-83f9-44e5-9694-d21a12a0038c"
            },
            "gridsterCoords": {
               "h": 3,
               "w": 6,
               "x": 7,
               "y": 6
            },
            "height": 152,
            "id": "b3f356a8-0604-4353-acb0-0e182061a75f",
            "title": "Datastore Usage List over 90 Days",
            "type": "View"
         }
      ]
   }],
   "entries": {
      "resource": [{
         "adapterKindKey": "VMWARE",
         "identifiers": [],
         "internalId": "resource:id:0_::_",
         "name": "vSphere World",
         "resourceKindKey": "vSphere World"
      }],
      "resourceKind": [{
         "adapterKindKey": "VMWARE",
         "internalId": "resourceKind:id:0_::_",
         "resourceKindKey": "Datastore"
      }]
   },
   "uuid": "a5a6a8d0-ac2c-49de-958e-71854a4c4623"
}